,hero,weight
4394,CAPTAIN AMERICA,16259
4717,SPIDER-MAN/PETER PAR,13717
6394,IRON MAN/TONY STARK,11817
4407,THOR/DR. DONALD BLAK,11427
2571,THING/BENJAMIN J. GR,10681
185,WOLVERINE/LOGAN,10353
5341,HUMAN TORCH/JOHNNY S,10237
5773,SCARLET WITCH/WANDA,9911
1704,MR. FANTASTIC/REED R,9775
4318,VISION,9696
1536,INVISIBLE WOMAN/SUE,9326
4389,BEAST/HENRY &HANK& P,9287
4836,CYCLOPS/SCOTT SUMMER,9099
4395,STORM/ORORO MUNROE S,8795
2650,HAWK,8483
2587,WASP/JANET VAN DYNE,8426
4302,COLOSSUS II/PETER RA,7863
261,PROFESSOR X/CHARLES,7840
4891,HULK/DR. ROBERT BRUC,7515
4187,ANT-MAN/DR. HENRY J.,7343
6326,MARVEL GIRL/JEAN GRE,6947
5534,ANGEL/WARREN KENNETH,6924
1931,WONDER MAN/SIMON WIL,6676
5392,ICEMAN/ROBERT BOBBY,6580
2562,NIGHTCRAWLER/KURT WA,6189
5834,SHE-HULK/JENNIFER WA,6174
5260,ROGUE /,6027
1399,SUB-MARINER/NAMOR MA,5817
4521,HERCULES [GREEK GOD],5710
5283,DR. STRANGE/STEPHEN,5576
6020,QUICKSILVER/PIETRO M,5530
5975,JAMESON J. JONAH,5494
4081,WATSON-PARKER MARY,5260
5911,JARVIS EDWIN,4988
2460,DAREDEVIL/MATT MURDO,4984
6415,BLACK WIDOW/NATASHA,4879
5704,SHADOWCAT/KATHERINE,4572
1464,CANNONBALL II/SAM GU,4535
6205,HAVOK/ALEX SUMMERS,4382
2085,PSYLOCKE/ELISABETH B,4184
4262,CRYSTAL [INHUMAN],3963
6176,FURY COL. NICHOLAS,3902
6004,BLACK KNIGHT V/DANE,3722
2392,BLACK PANTHER/T'CHAL,3671
2638,ROBERTSON JOE,3653
2792,QUASAR III/WENDELL V,3584
4758,WOLFSBANE/RAHNE SINC,3548
4760,GAMBIT/REMY LEBEAU,3474
486,RICHARDS FRANKLIN B,3331
1036,PARKER MAY,3314
635,NOVA/RICHARD RIDER,3295
725,SILVER SURFER/NORRIN,3289
373,MAGNETO/MAGNUS/ERIC,3266
3269,POLARIS/LORNA DANE,3220
1126,SUMMERS NATHAN CHRI,3194
2896,SUNSPOT/ROBERTO DACO,3158
5142,DR. DOOM/VICTOR VON,3124
5163,ODIN [ASGARDIAN],3071
6189,BANSHEE/SEAN CASSIDY,2990
6262,CAPTAIN MARVEL II/MO,2921
4786,FIRESTAR/ANGELICA JO,2848
1285,MOONDRAGON/HEATHER D,2790
6076,JONES RICHARD MILHO,2756
1651,BOOMER/TABITHA SMITH,2712
6139,SASQUATCH/WALTER LAN,2701
732,BALDER [ASGARDIAN],2687
2849,HOGUN [ASGARDIAN],2680
256,FANDRAL [ASGARDIAN],2667
3986,SIF,2651
6323,USAGENT/CAPTAIN JOHN,2635
2725,NAMORITA/NITA PRENTI,2634
4641,HUDSON HEATHER,2624
1226,THUNDERSTRIKE/ERIC K,2621
4916,VOLSTAGG,2601
2089,FALCON/SAM WILSON,2556
1258,LEEDS BETTY BRANT,2539
1698,MACTAGGERT MOIRA KI,2536
4183,LOKI [ASGARDIAN],2531
5671,JUBILEE/JUBILATION L,2523
4967,SERSI/SYLVIA,2458
1365,TIGRA/GREER NELSON,2450
3515,MIRAGE II/DANIELLE M,2386
364,THOMPSON EUGENE FLA,2337
4021,BINARY/CAROL DANVERS,2310
4396,MEDUSA/MEDUSALITH AM,2257
6252,MISS AMERICA/MADELIN,2224
3031,MOCKINGBIRD/DR. BARB,2214
5358,NORRISS SISTER BARB,2187
1845,IRON MAN IV/JAMES R.,2182
5390,PATRIOT/JEFF MACE,2176
3812,CAGE LUKE/CARL LUCA,2165
2909,PUCK/EUGENE MILTON J,2146
2384,GALACTUS/GALAN,2135
603,JUSTICE II/VANCE AST,2106
1725,SHAMAN/MICHAEL TWOYO,2091
2708,BLACK BOLT/BLACKANTO,2054
5496,GORGON [INHUMAN],2041
1954,FORGE,2026
713,NORTHSTAR/JEAN-PAUL,2001
1189,STARFOX/EROS,1996
5847,KARNAK [INHUMAN],1990
2141,IRON FIST/DANIEL RAN,1988
6143,SPEEDBALL/ROBBIE BAL,1974
3017,MASTERS ALICIA REIS,1947
2998,KINGPIN/WILSON FISK,1938
1672,THUNDERBIRD II/JAMES,1933
717,NELSON FRANKLIN FOG,1911
3570,BANNER BETTY ROSS T,1911
441,CAPTAIN BRITAIN/BRIA,1867
5407,SPIDER-WOMAN II/JULI,1845
4173,BISHOP /,1813
1079,AURORA/JEANNE-MARIE,1811
68,WHITE QUEEN/EMMA FRO,1789
5342,DUGAN TIMOTHY ALOYI,1787
3559,TRITON,1758
4142,STRONG GUY/GUIDO CAR,1744
4894,UATU,1735
3696,ENCHANTRESS/AMORA/HE,1711
6368,MAGIK/ILLYANA RASPUT,1709
1495,PHOENIX III/RACHEL S,1709
2741,COOPER DR. VALERIE,1709
1546,HELLCAT/PATSY WALKER,1698
4737,WARLOCK III,1654
913,MOON KNIGHT/MARC SPE,1652
4548,OSBORN HARRY,1636
4440,THANOS,1619
3822,LIVING LIGHTNING/MIG,1613
5406,DR. DRUID/ANTHONY LU,1602
4763,LOCKJAW [INHUMAN],1593
2986,DAZZLER II/ALLISON B,1589
2437,HEIMDALL [ASGARDIAN],1586
4851,LILANDRA NERAMANI [S,1578
3926,PHARAOH RAMA-TUT,1570
2969,LOCKHEED,1568
1228,URICH BEN,1568
3104,SIRYN/THERESA ROURKE,1565
1938,MYSTIQUE/RAVEN DARKH,1559
6051,MEGGAN,1544
902,CYPHER/DOUG RAMSEY,1529
3397,ROSS GEN. THADDEUS,1528
3421,WONG,1525
5865,PUNISHER II/FRANK CA,1509
1074,OSBORN LIZ ALLAN,1494
3345,SPIDER-MAN CLONE/BEN,1488
3843,BEETLE/ABNER RONALD,1483
2169,DRAX/ARTHUR DOUGLAS,1477
3145,MOONSTONE II/KARLA S,1472
1861,BLOB/FRED J. DUKES,1470
4912,POWER MAN/ERIK JOSTE,1468
3523,HARKNESS AGATHA,1458
2263,SCREAMING MIMI/MELIS,1440
1738,RICTOR/JULIO ESTEBAN,1435
2930,HUMAN TORCH ANDROID/,1432
1821,MULTIPLE MAN/JAMES A,1427
4338,ANT-MAN II/SCOTT HAR,1392
5535,SANDMAN/WILLIAM BAKE,1388
2536,WARLOCK II/ADAM WARL,1365
2647,NIGHT THRASHER/DUANE,1345
2858,DARKHAWK/CHRIS POWEL,1326
2651,WATSON ANNA,1311
4261,NIGHTHAWK II/KYLE RI,1275
541,LYJA LAZERFIST [SKRU,1213
1825,GEE/ALEX POWER,1208
2356,NOVA II/FRANKIE RAYE,1207
5596,DOC SAMSON/DR. LEONA,1205
2178,GYRICH HENRY PETER,1203
3793,JAMESON COL. JOHN,1193
2008,CLEA,1191
5984,APOCALYPSE/EN SABAH,1177
4969,KINCAID DR. JANE FO,1174
6241,DR. OCTOPUS/OTTO OCT,1169
4169,MEPHISTO,1163
6207,GRANT GLORIA GLORY,1152
4813,KNIGHT MISTY,1149
5130,KA-ZAR/KEVIN PLUNDER,1144
3786,MARROW/SARAH,1105
354,VIZIER,1100
2362,GARGOYLE II/ISAAC CH,1085
4634,RAGE/ELVIN DARYL HAL,1074
1011,DOMINO III/BEATRICE/,1071
3950,SUNFIRE/SHIRO YOSHID,1070
1535,BLACK CAT/FELICIA HA,1059
768,HUSK/PAIGE GUTHRIE,1058
3139,SKIN/ANGELO ESPINOSA,1057
4541,MAKKARI/MIKE KHARY/I,1054
3728,WILD CHILD/KYLE GIBN,1039
695,MAGMA/AMARA AQUILLA/,1035
4015,CALIBAN/,1029
5819,KARNILLA [ASGARDIAN],1024
950,PAGE KAREN,1019
5230,GUARDIAN/JAMES MACDO,1019
1480,HIGH EVOLUTIONARY/HE,1017
1626,CAPTAIN MARVEL/CAPTA,1016
3889,SHATTERSTAR II/GAVEE,1013
1703,SUMMERS MADELYNE MA,1007
2186,CHAMBER/JONOTHON STA,1004
4528,BOX IV/MADISON JEFFR,1003
2752,RED SKULL/JOHANN SCH,988
138,ABSORBING MAN/CARL C,988
4670,WRECKER III/DIRK GAR,986
2644,MADDICKS ARTHUR ART,982
5314,GAMORA,981
4161,CARTER SHARON,980
2138,CARTER PEGGY,980
5962,PYRO/ALLERDYCE JOHNN,975
5701,CITIZEN V II/HELMUT,969
3606,SYNCH/EVERETT THOMAS,968
4575,FIXER II/PAUL NORBER,965
425,THUNDERBALL/DR. ELIO,964
6192,GREEN GOBLIN/NORMAN,962
2970,PIP/PRINCE GOFERN,961
6361,ULTRON,960
2230,LONGSHOT,948
665,ETERNITY/ADAM QADMON,945
3046,HELA [ASGARDIAN],945
1782,DAGGER/TANDY BOWEN,943
4818,TILBY TRISH/PATRICI,936
2599,FIREFIST/RUSTY COLLI,929
6150,LEECH,927
3824,CORSAIR,919
3255,MAGUS,918
743,SKIDS/SALLY BLEVINS,918
2207,CLOAK/TYRONE JOHNSON,909
6172,SILHOUETTE,908
5187,SNOWBIRD/NARYA/ANNE,903
1114,DIAMONDBACK II/RACHE,897
1359,JOLT/HALLIE TAKAHAMA,894
1294,BLACK KING/SEBASTIAN,888
1427,MS. MARVEL II/SHARON,881
1462,GHOST RIDER II/JOHNN,874
2854,KLAW/ULYSSES KLAW,873
4030,SABRETOOTH/VICTOR CR,873
4349,ZABU,871
5958,PILEDRIVER II/BRIAN,869
2466,HOGAN VIRGINIA PEPP,868
3798,JACK OF HEARTS/JACK,864
5337,LIZARD/DR. CURTIS CO,863
442,REDWING,854
2088,COUNTERWEIGHT II/KAT,852
2616,AVALANCHE/DOMINIC PE,851
95,THENA,848
2376,BULLDOZER/HENRY CAMP,844
3067,DARKSTAR/LAYNIA SERG,843
1690,WING COLLEEN,842
2320,KARMA/XI'AN COY MANH,835
1052,SPIDER-WOMAN/JESSICA,834
1709,COUNTERWEIGHT/JACK P,833
2101,LIGHTSPEED/JULIE POW,833
2965,HELLSTORM/DAIMON HEL,833
1820,PENANCE/MONET ST. CR,820
3434,DE LA FONTAINE CONT,817
2332,LEEDS NED,808
5944,GHOST RIDER III/DAN,801
1791,IKARIS/IKE HARRIS [E,799
3507,MAXIMUS [INHUMAN],798
2279,HOGAN HAROLD J. HAP,798
4936,TITANIA II/MARY SKEE,795
5017,JONES GABE,788
4992,JAMESON MARLA MADIS,784
3699,MACHINE MAN/X-51,783
5525,O'BRIEN MICHAEL,782
2981,STINGRAY/DR. WALTER,779
2997,NOMAD III/JACK MONRO,777
1828,JUGGERNAUT/CAIN MARK,776
1996,MOLE MAN/HARVEY RUPE,766
27,WIZARD/BENTLEY WITTM,766
1670,LUNA/LUNA MAXIMOFF [,759
3554,TOAD/MORTIMER TOYNBE,756
5439,DAYTRIPPER/AMANDA SE,751
5249,CHARCOAL/CHARLIE BUR,750
2110,BUCKY/BUCKY BARNES,742
1102,SHANG-CHI,741
3634,STACY GWEN,741
2620,JOCASTA,739
2656,CH'OD,737
3284,SHANNA/SHANNA O'HARA,734
1728,TURBO II (A)/MICHIKO,733
6133,X-MAN/NATHAN GREY,733
3598,TALISMAN II/ELIZABET,732
298,RAZA LONGKNIFE,727
4727,HYPERION,721
1067,FERAL/MARIA CALLASAN,720
980,DEATH,720
2350,BETA RAY BILL,717
4304,MAM'SELLE HEPZIBAH,709
4409,HOBGOBLIN V/JASON PH,707
6177,FIREBIRD/BONITA JUAR,702
3913,DESTINY II/IRENE ADL,700
5652,DR. SPECTRUM/JOSEPH,697
6312,CUSHING KATE,692
1025,BRIDGE GEORGE WASHI,687
6090,TALBOT GLENN,686
4991,ROBERTSON RANDY,683
1643,VANGUARD/NICOLAI KRY,679
316,MOLECULE MAN/OWEN RE,679
1395,WHIZZER II/STANLEY S,678
5401,CITIZEN V III/DALLAS,678
2750,SITWELL JASPER,677
2945,ROM SPACEKNIGHT,676
435,TRIATHLON/DELROY GAR,674
1610,MANTIS/? BRANDT,669
2084,SWORDSMAN/JACQUES DU,669
437,ROSENTHAL BERNIE,668
4944,ELECTRO/MAX DILLON,667
2988,THANOS DOPPELGANGER,664
2166,LEADER/SAM STERNS,662
6195,PHOENIX II,659
2336,DIAMOND LIL/LILLIAN,646
4295,FIRELORD/PYREUS KRIL,643
4391,PUPPET MASTER/PHILLI,641
5335,CALLISTO,640
5207,MANDARIN,634
2131,RHINO,632
1980,VASHTI,627
4646,ARBOGAST BAMBI,623
6333,COBRA/KLAUS VORHEES,621
769,PERSUASION/KARA KILL,616
253,BEYONDER,615
5646,POWER DR. JIM,610
2695,LUBENSKI NATE,608
130,SPIRAL,608
2543,FORGOTTEN ONE/GILGAM,608
2465,DEATHBIRD [SHI'AR],604
949,M,602
3655,GLADIATOR II,602
3283,JONES MARLO CHANDLE,601
4676,PALADIN/PAUL DENNIS,593
4956,MERCADO JOY,592
3267,WISDOM PETER,592
2154,SUPREME INTELLIGENCE,592
5129,WINGFOOT WYATT,588
6070,TRAPSTER/PETER PETRU,576
3562,ZEUS,571
2218,STANKOWICZ FABIAN,569
2325,EXECUTIONER II/SKURG,568
4230,MR. SINISTER/NATHAN,567
2775,CARGIL/JOANNA CARGIL,564
4258,OSBORN NORMIE,560
2664,VULTURE/ADRIAN TOOME,560
4617,QUARTERMAIN CLAY,558
3892,HODGE CAMERON,556
4047,ANACONDA/BLANCHE SIT,556
3203,VIPER II,555
987,STARSHINE II/BRANDY,550
6132,STRYFE,548
4958,POWER MARGARET,547
6188,SOUTHERN CANDY,546
3113,KRISTOFF/KRISTOFF VE,543
4833,BLACK MAMBA/TANYA SE,542
2947,DEADPOOL/JACK/WADE W,542
3810,WIDGET,540
4701,ARCANNA/ARCANNA JONE,540
167,HUNTER STEVIE,538
1692,FRIGGA,538
3740,STACY JILL,537
6256,BALLANTINE KAYLA,537
4994,SELENE,536
6017,JOSEPH,534
3795,GATEWAY,531
2405,CONSTRICTOR/FRANK PA,530
351,WHIZZER/ROBERT L. FR,529
2255,COLLECTOR/TANELEER T,525
4032,MASTER MOLD II,525
2055,VOLCANA/MARSHA ROSEN,524
1716,TORPEDO III/BROCK JO,520
3211,MASTERMIND/JASON WYN,517
3126,DEMOLITION MAN/DENNI,515
3230,SCANNER II,514
2943,THINKER,514
2442,KELLY SEN. ROBERT E,511
1635,ASP II/CLEO,510
2302,ATTUMA,510
3002,RINTRAH,509
3288,AUSTIN SUSAN,508
2900,LADY LARK/LINDA LEWI,507
4801,MR. FANTASTIC DOPPEL,505
5268,ROBERTSON MARTHA,505
5041,STUART DR. ALISTAIR,501
4435,CR'REEE,498
1518,HYDROMAN/MORRIE BENC,498
5400,LORELEI II/MELODI [A,494
5700,CORTEZ FABIAN,493
5795,ULIK,493
2609,BOOMERANG/FRED MYERS,490
2099,DORMAMMU,488
1254,MASTERSON KEVIN,488
2082,TIGER SHARK/TODD ARL,488
4743,MAD DOG/COLONEL BUZZ,486
3613,PRINCESS PYTHON/ZELD,483
3917,SAURON/DR. KARL LYKO,479
2414,TOMBSTONE/LONNIE THO,479
2556,WEREWOLF BY NIGHT/JA,477
394,MISTER HYDE/CALVIN Z,476
2075,GREY DR. JOHN,474
284,BLACK GOLIATH/DR. WI,474
6164,SABRA/RUTH BAT-SERAP,473
6093,KISMET/J'RIDIA STARD,472
3394,VENOM/EDDIE BROCK,469
5870,COPYCAT/VANESSA,466
5871,HAMMERHEAD,464
2125,BANNON LANCE,462
4133,FRENCHIE/JEAN-PAUL D,462
226,KARKAS [DEVIANT],460
1590,POWER PRINCESS/ZARDA,459
342,BOVA,459
5108,IRON MAN DOPPELGANGE,459
4023,MADAME MASQUE/GIULIE,459
3226,KRO [DEVIANT],458
5712,CHORD ANDREW,454
4227,LEGION II/DAVID HALL,454
1348,DRACULA/VLAD TEPES,453
4557,MYSTERIO/QUENTIN BEC,452
1710,ARRANGER/,451
5936,BARON STRUCKER/WOLFG,450
5536,SWORDSMAN III/PHILIP,450
6161,PATHWAY/LAURA DEAN,449
1795,RICHARDS NATHANIEL,448
1207,LE FEY MORGAN,444
6039,TORO/TOM RAYMOND,443
520,REJECT/RAN-SAK [DEVI,441
724,BLAQUESMITH,440
802,CORBEAU DR. PETER,436
5790,TARR BLACK JACK,436
5361,RONAN THE ACCUSER [K,436
5475,GHAUR [DEVIANT],434
2163,SILVER SABLE,433
5289,WINDSHEAR/COLIN ASHW,433
815,CRIMSON COWL II/,433
687,STONE LT. MARCUS,432
887,RED GUARDIAN III/DR.,432
5693,TESSA,428
5087,HAMMER JUSTIN,427
1155,SCHEMER/RICHARD FISK,424
5668,KATZENBERG NICK,422
4491,GREY ELAINE,421
6296,EBONY,420
2919,ZARRKO ARTHUR,420
5749,DARK BEAST/HENRY MCC,420
3057,WHIPLASH/MARK SCARLO,419
3952,WHIRLWIND/DAVID CANN,418
2108,S'YM,416
296,ARCLIGHT/PHILLIPA SO,415
391,BLOODSTORM | MUTANT,415
2289,KAINE,413
3154,CHENEY LILA,412
1095,DEATHLOK III/MICHAEL,410
4403,NEBULA,409
4070,VOGHT AMELIA,408
916,ROSS EVERETT KENNET,408
3528,BEDLAM/JESSE AARONSO,407
58,WU LEIKO,406
2938,CHAMELEON/DMITRI SME,405
2219,LUMPKIN WILLIAM WIL,405
2229,URSA MAJOR/MIKHAIL U,404
3166,SPEEDBALL II/DARRION,403
5939,MENTOR/ALARS [ETERNA,402
5552,RED GHOST/IVAN KRAGO,401
5461,ICE-MAN | MUTANT X-V,401
930,BRUTE | MUTANT X-VER,401
2786,MAN-THING/THEODORE T,401
6293,GRANDMASTER/EN DWI G,400
2555,STRANGER,399
2514,WOLFE SARA,396
3846,MARRINA/MARRINA SMAL,396
1594,RESTON CLIVE,396
62,PEATOR,395
250,ZERO,395
3425,CRIMSON DYNAMO V/DIM,393
4323,HILDY [ASGARDIAN],393
4489,WITCHFIRE,387
1111,IGOR,386
5137,MIKHLO,386
6137,CENTURY,386
1754,COUNT NEFARIA LUCHI,386
2148,BOX/ROGER BOCHS,385
1951,DESTROYER III,384
4938,LIVING TRIBUNAL,383
4610,SUPER SKRULL/KL'RT,383
2432,MERRYWEATHER IRENE,382
528,PIERCE DONALD,382
1711,STRUCKER ANDREAS,382
2016,VIBRAXAS/N'KANO,380
3099,MASQUE,379
4715,PIERCE ALEXANDER GO,378
1441,STEELE MARCY MASTER,378
4393,DEVIL-SLAYER/ERIC SI,377
149,SMITH SIR DENIS NAY,377
1767,SHIP,377
1559,ORACLE/LADY SIBYL,377
6265,MANIKIN/DR. WHITMAN,376
1444,LIBRA/GUSTAV BRANDT,374
133,SHROUD/MAXIMILLIAN Q,374
5587,DORMA [ATLANTEAN],373
4300,JACKAL/MILES WARREN,373
6283,BLACK TOM CASSIDY,372
3037,RINGMASTER/MAYNARD T,371
3133,MASTER/ESHU,371
5576,CAPTAIN MARVEL III/G,371
2852,BRIGHTWIND,371
5419,GYPSY MOTH,371
6408,SPITFIRE/LADY JACQUE,368
510,HILDEGARDE [ASGARDIA,368
5309,CABE BETHANY,367
3951,ELLIS KEN,367
2501,NIGHTHAWK/KYLE RICHM,365
416,MAN-BEAST,365
5349,HINDSIGHT LAD/CARLTO,364
1683,ABOMINATION/EMIL BLO,364
4151,EXODUS/BENNET DUPARI,363
4330,GOBLYN,362
6078,MAN-KILLER/KATRINA L,362
1849,BLOODAXE/JACKIE LUKU,361
3471,SIKORSKY,361
2898,ANNIHILUS,361
915,GRIM REAPER/ERIC WIL,360
5565,ARES [GREEK GOD],357
5560,JONES CHARLOTTE,356
2044,ANALYZER,355
3016,RUIZ RIGGER,355
5079,MODOK/GEORGE TARLETO,355
4882,CRIMSON COMMANDO/FRA,355
4602,ALRAUNE MARLENE,354
3115,STRUCKER ANDREA,354
5899,WATSON KRISTY,354
1425,COLOSSUS II DOPPELGA,353
2574,BATROC/GEORGES BATRO,352
845,CROSSBONES/BROCK BIN,352
4579,LYNNE MONICA,352
5621,WHITE TIGER II/,351
333,RADIUS/JARED CORBO,351
2227,PLANTMAN/SAM SMITHER,351
1219,WOLVERINE DOPPELGANG,350
4445,GUARDIAN V/JAMES MAC,350
2096,FRIEDLANDER SHARON,348
2160,TANAKA KENJIRO,348
1723,MAGDALENE/MARISSA DA,348
4561,VERTIGO II,347
3819,FOREARM,347
5715,ARAGORN,346
2357,ARABIAN KNIGHT/ABDUL,346
1644,NIGHTMARE/EDVARD HAB,346
290,SILVERMANE/SILVIO MA,345
5106,HOBGOBLIN II/RODERIC,344
3053,IRON MAN V/TEEN TONY,344
2239,VAPOR,343
432,PLUTO [OLYMPIAN],342
4469,BATTLESTAR/LEMAR HOS,342
4415,THUNDERBIRD III/NEAL,341
5724,FAIRMONT HANNAH,341
2489,ROMA,339
5040,MELTER/BRUNO HORGAN,339
2244,FLEX/ADRIAN CORBO,339
4532,KINCAID DR. KEITH,339
2390,ARISHEM [CELESTIAL],338
2706,PUMA/THOMAS FIREHEAR,338
1144,DAREDEVIL DOPPELGANG,337
6053,GAUNTLET,337
2853,COTTONMOUTH II,336
5121,RATTLER,335
6310,LORD CHAOS,334
2225,PSI-LORD/FRANKLIN BE,334
995,STACY ARTHUR,334
3802,CERISE II [SHI'AR],334
3023,GOLDEN ARCHER II/WYA,332
270,FIZ [SKRULL],331
5378,MURMUR II/ARLETTE TR,331
1047,PETROVITCH IVAN,330
3441,THUNDRA,330
4485,REYES DR. CECELIA,330
953,VANISHER,330
5135,MICROCHIP/LINUS LIEB,329
5030,CANTOR VERA,328
4747,DYNA-MITE/ROGER AUBR,326
1038,RAM SIR,326
1970,ZIRAN,326
4167,ISAAC,326
18,GATOR LORD,326
6096,PROWLER/HOBIE BROWN,325
3534,THOR II/ROGER RED NO,325
5324,SAXON STARR,324
5323,SIKORSKY RAYMOND,324
1727,BLITZKRIEG/,323
935,GIDEON,322
4675,RASSITANO MAD DOG,321
4367,LEWIS SHIRLEY WASHI,321
2899,EGO,321
3223,SILVER SAMURAI/KENYU,320
1042,LADY DEATHSTRIKE/YUR,320
728,ONSLAUGHT II,320
5146,DRAGONFLY/VERONICA D,319
59,TEXAS TWISTER/DREW D,317
3181,CORSI TOM,317
2640,TANA NILE,315
3705,SHA SHAN,314
3250,MAGGOTT/JAPHETH,312
5655,TYGER LORD,312
24,WHIZZER III/JAMES SA,312
302,QUICKSAND,312
3878,MUGGINS MAMIE,311
5598,SHADOW KING/AMAHL FA,311
4971,ULYSSES II,311
2993,SENTINELS,310
4554,KURSE/ALGRIM [ASGARD,310
1811,AJAK/TECUMOTZIN [ETE,308
4989,IRONCLAD,307
700,CAPTAIN AMERICA DOPP,307
224,DIABLO/ESTEBAN DE AB,307
4074,LANG CASSANDRA CASS,307
5676,DAMIAN MARGO,306
4632,KRAVEN THE HUNTER/SE,305
1552,BROTHER VOODOO/DANIE,305
2010,MORBIUS/DR. MICHAEL,304
3712,SHAMROCK/MOLLY FITZG,304
855,FAMINE/AUTUMN ROLFSO,304
5028,MASTER ORDER,304
595,WAR/ABRAHAM LINCOLN,304
6330,EMPLATE/MARIUS ST. C,303
1756,THING DOPPELGANGER I,303
4955,SAPRISTI JERRY,302
3506,ARON [WATCHER],302
1516,TOWER BLAKE,300
2028,BOLT II/CHRIS BRADLE,300
4695,SASQUATCH DOPPELGANG,299
1965,SHAPE,299
3461,SERGEI,297
19,EPOCH,297
5967,TRAINER DR. SEWARD,296
2584,BARON MORDO/KARL MOR,296
4080,ANDROMEDA/ANDROMEDA,296
5431,MARRS(-PAYNE) PHOEB,295
1461,SCALPHUNTER,295
5333,KAFKA DR. ASHLEY,294
5528,SUPER SABRE/MARTIN F,293
3044,STACY CAPT. GEORGE,293
941,ONE ABOVE ALL [CELES,293
4168,SPHINX,292
1569,SETH II,291
6005,CYCLOPS DOPPELGANGER,291
2526,TAROT/MARIE-ANGE COL,291
1023,WHITE TIGER/HECTOR A,291
3128,CLOWN/CRAFTY ELIOT F,291
3175,HUNTARA/MARY ELIZABE,291
3680,BALDWIN MADELYNE MA,290
6061,RANSOME JENNIFER AM,289
3752,DEATHCRY [SHI'AR],289
1762,SURTUR,289
3508,GAMBONNO LUIGI,287
5463,GAMBONNO ERNESTO,287
843,N'ASTIRH,287
4186,ROCK/SAMUEL JOHN ROC,286
4585,HOGARTH JERYN,286
1450,WHITMAN DEBRA,285
3841,ZURAS,285
3941,SHOCKER/HERMAN SCHUL,285
2805,CANNONBALL/JACK PULV,285
498,ROSE IV/JACOB JAKE C,285
2162,CLARKE GENERAL JERE,285
5988,VECTOR,284
5855,ROULETTE II/JENNY ST,282
5459,SIDEWINDER/SETH VOEL,282
761,NORRISS JACK,282
1658,THOMAS COMMANDER DA,282
3459,MCLAREN MEGAN,281
2242,YELLOWJACKET II/RITA,281
4208,CAPTAIN HAWK,280
4037,SZARDOS MARGALI,280
5277,DRAGON MAN,280
5110,RED GUARDIAN V,280
2527,LLYRA/LLYRA MORRIS,279
280,DIAMOND BOB,279
991,SPEEDBALL DOPPELGANG,279
710,IMPOSSIBLE MAN,279
5069,PUFF ADDER,279
5828,SUNDER,278
4711,ANCIENT ONE,277
3585,DEVLOR,276
5927,CARPENTER RACHEL,276
3922,SCARFE RAFAEL,276
174,ATALANTA,275
2751,ARCADE/,274
5380,VERMIN LADY,273
375,RADIOACTIVE MAN/DR.,273
5889,GLENN HEATHER,272
108,TOM THUMB/THOMAS THO,272
3537,WATER WIZARD/PETE,271
4001,MANBOT/BERNIE LACHEN,270
2731,PIPELINE/CORMICK GRI,270
5541,CHEKOV ARTHUR ANTON,269
4913,HULK DOPPELGANGER II,269
186,URSULA LADY,269
6201,TAI II,269
3289,AMPHIBIUS,269
5585,NIGHTSHADE/TILDA,268
2976,HALLER GABRIELLE,268
1384,DANSEN MACABRE,267
2144,X-RAY,267
3749,YASHIDA MARIKO,267
2337,GRAVITON/FRANK HALL,266
2869,NEVILLE KATE,266
6410,ROBERTSON AMANDA,266
5540,REESE MURRAY,265
1422,EMPATH/MANUEL ALFONS,265
171,FORRESTER CAPT. ALE,264
5807,ZURI,263
6050,SLEEPWALKER,262
531,MOREAU PHILLIP,262
1307,SUMMERS SCOTT III |,262
1208,YELLOWJACKET III/HEN,262
2198,BEREET,262
533,HARDRIVE,261
4388,FOREIGNER/RAFAEL BAS,261
408,UNUS THE UNTOUCHABLE,261
2222,DEWOLFF JEAN,260
4806,DRAKE FRANKLIN,260
6087,PORCUPINE/ALEX GENTR,260
3167,WARSTAR,259
5608,WOLFSBANE DOPPELGANG,258
5491,WILDSIDE,258
6243,TOPAZ,258
5601,NELSON DEBBIE HARRI,258
1538,MACKENZIE AL,257
6387,TAYLOR LEILA,257
2522,BOMBSHELL/,257
5580,HERMOD [ASGARDIAN],257
6340,BLAKE BECKY,256
144,BUSHMASTER II/QUINCY,256
3314,HARPOON,256
4791,KORVAC MICHAEL,255
5300,HECTOR II,255
1159,MCCABE LINDSAY,255
3473,MAELSTROM/MALCOLM ST,254
2297,ORKA,253
5683,LEE STAN,253
26,OMEGA RED/ARKADY ROS,252
381,IONELLO JASON,252
369,WOLVERINE SKRULL,252
5786,BONEBREAKER/,251
3544,MADAME MASQUE III,251
3731,MASON LOUISE,250
392,RED WOLF III/WILL TA,249
3936,KYLUN/COLIN MCKAY,248
2570,RAVONNA LEXUS RENSLA,248
308,GAMMENON [CELESTIAL],248
5723,JACKSON STEVE,248
384,VOSTOK,248
5453,SCORPION/MACDONALD G,248
2004,EON,247
2298,MEANY,246
6418,EENY,246
434,DEFENSOR,246
5173,ALEXANDER CARRIE,246
2604,BLACKWING/JOSEPH MAN,245
1470,FREEMAN DUANE JEROM,244
3332,FER DE LANCE/TERESA,244
740,STARBOLT,244
3035,STRIDER,243
1649,OVERMIND/GROM,243
3453,NAMORITA DOPPELGANGE,243
2912,ROCK PYTHON,243
1200,MIMIC/CALVIN RANKIN,242
3868,WALTERS BILLY,242
6125,VISION DOPPELGANGER,242
3231,GREY GARGOYLE/PAUL P,242
2435,NETWORK NINA,242
1784,CATSEYE/SHARON SMITH,241
6316,RAVEN LT. JACOB,241
1311,TEMPEST/GRANNZ,241
4197,JETSTREAM/HAROUD IBN,241
704,MOJO,240
4271,UNUSCIONE,240
7,STEELE BOBBY,240
1887,ROTH ARNIE,239
6169,SPRITE,239
3155,HERCULES DOPPELGANGE,238
1579,TERRAX II/TYROS,238
382,SMASHER IV,237
3193,KENT CLARK,237
2689,MOTHER NIGHT/SUSAN S,237
1235,STONEWALL/LOUIS HAMI,236
4744,COLLECTIVE MAN,236
5503,QUEEN DIVINE JUSTICE,236
1404,BOOMSLANG/,236
3967,MOY ALYSSA,235
3549,AIREO/AEOLUS [INHUMA,235
5969,THUG,234
1905,BODYBAG,234
757,WAXWORK,234
1865,CHINA DOLL,234
4038,FERRO2,234
3973,SCATTERBRAIN,234
4236,RINGTOSS,234
5900,STERMAN ANDREA ANDI,233
2554,PALERMO VICTOR,233
2009,ZIMMER ABE,232
2867,KLEINSTOCK SVEN,231
5071,BULLSEYE II/BENJAMIN,231
4639,KLEINSTOCK HARLAN,231
1227,TYRANNUS,231
248,ADAMS NICOLE NIKKI,231
2375,ROSEN WALTER,231
312,REAPER II,230
1548,MAN-APE/M'BAKU,230
5158,PARETSKY DR. GARY,230
2672,EEL II/EDWARD LAVELL,230
1514,UNION JACK III/JOEY,229
847,D.O.A.,228
2825,MALICE IV,228
92,OZYMANDIAS,228
599,ANGAR THE SCREAMER/D,228
3160,HUMAN TORCH DOPPELGA,228
6307,CYCLONE II/PIERRE FR,228
1850,RASPUTIN MIKHAIL,227
2707,POUNDCAKES/MARIAN PO,227
1915,PALERMO HARRIET ROS,227
3906,COLE WADE,227
2477,KRONOS,226
180,CLOUD,226
5472,TIMESLIP/RINA PATEL,226
4797,JACK O'LANTERN II/MA,226
1614,GAIA,225
976,TUSK,225
4881,COLLINS DEMITRIUS,224
20,TIMBERIUS,224
6318,JACKSON ANDREW JOCK,223
4767,MOON KNIGHT DOPPELGA,223
5879,LIVING MONOLITH/AHME,223
1377,MALEKITH/MALCOLM KEI,223
3423,VALINOR,223
6372,BROTHERS GRIMM II/BA,223
1375,YIN ANGELA,223
1625,PARIS,222
2952,FIELSTEIN FIREWORKS,222
83,BIG MAN/FREDERICK FO,222
4769,CHANG IMEI,221
1903,WOO JIMMY,221
5555,AJAX,221
4190,BLACK KNIGHT IV/PROF,220
792,GLADIATOR/MELVIN POT,220
3303,RODGERS MARIANNE,220
1024,HOWARD THE DUCK,219
6377,MESMERO,219
1668,BLESSING MORGANA,219
2728,VINDICATOR II DOPPEL,217
558,FU MANCHU,217
2856,GAEA,216
3765,LANG DR. STEVEN,216
4259,JOYBOY,216
5043,PUCK DOPPELGANGER II,216
6364,ELEKTRA | MUTANT X-V,215
549,BRAINCHILD,215
4425,ELEKTRA/ELEKTRA NATC,215
4422,DRUMM JERICHO,215
90,FALLEN | MUTANT X-VE,215
1729,SHARD,215
5031,CRUCIBLE/BYRON CALLE,215
3385,SILVERCLAW/LA GARRA,214
5075,RECORDER II,214
1834,CAPTAIN AMERICA | MU,214
1916,SAGITTARIUS/HARLAN V,214
5546,TYPHOID MARY/MARY ME,213
3625,CAMPBELL DR. RORY,213
2236,U-MAN/MERRANO,213
208,CHANG DR. PHILLIP,212
2430,WILSON JIM,212
1755,COACHWHIP,212
4778,SLITHER,212
160,SHARPE ROSALINDE,211
3527,CARNAGE/CLETUS KASAD,211
1565,TITAN,211
5285,CREED GRAYDON,211
2881,MACON ANGELO,211
2802,MAGNETO | MUTANT X-V,210
4679,ELYSIUS,208
4918,TASKMASTER,208
6159,SPIDERCIDE,208
1871,AHAB/RORY CAMPBELL,208
3157,DINAH-SOAR,207
1109,SPIDER-MAN III/MARTH,207
1619,MALICE V/NAKIA,207
755,FLATMAN,207
3221,MR. IMMORTAL,207
5120,DOORMAN,207
202,LEONUS/LIONUS [INHUM,206
1719,LEWIS DEVON,206
480,PEREGRINE LE/FRANCK,206
1421,BLITZIANA,206
1423,BUZZ,206
4442,PIXIE/ [ETERNAL],205
5236,HUXLEY DR. ALDA,205
3168,FLYING TIGER,205
2926,EITRI,205
1433,DR. OCTOPUS II/CAROL,204
1597,TSURAYABA MATSUO,204
4915,PLAGUE,203
511,EARTHQUAKE,202
240,AMPHIBIAN/KINGLEY RI,202
3801,STACY PAUL,202
4776,STILT-MAN/WILBUR DAY,202
5607,TYGER TIGER/JESSAN H,201
4559,BOUDREAUX BELLA DON,201
5001,ANAK,201
5107,KANE MARCY/KAINA,201
3928,ZOLA ARNIM,201
3760,UMAR,200
6108,BARBARUS,200
2687,BOWEN FATHER MICHAE,200
6356,GRANT SILAS,200
3488,MAYHEM/DET. BRIGID O,200
3574,AURIC/,200
5322,MOONHUNTER/ZACK MOON,199
2117,WHYTE HARMONY (HARM,199
2431,STALLIOR,199
6242,POWELL GRACE,199
4217,OKOYE,199
3724,HUSSAR,199
6259,BEAST DOPPELGANGER I,198
2789,KOFI [KYMELLIAN],198
5523,KINGO SUNEN [ETERNAL,197
3327,LOBO EDUARDO,197
1305,TYR,197
4107,ASTRA,197
536,LELAND HARRY,196
447,HOPKINS STEVE,195
3448,BLACK RACER/,195
810,MORDRED THE EVIL,195
4225,FOXBAT,195
4886,VAN HELSING RACHEL,195
4917,SIMON ALEX FLORES,195
1264,ERWIN MORLEY,194
4840,METEORITE,194
1446,WEAPON X II/GARRISON,194
5848,FREE SPIRIT/CATHY WE,194
3996,YELLOW CLAW/TZING JA,194
4673,PARALYZER,194
3338,MANGOG,194
2354,ARKON,193
4321,BLASTAAR,193
4353,ALVAREZ FELIX,193
5680,BLADE,193
723,INFINITY II,192
5673,DELILAH,192
694,GAMBIT | MUTANT X-VE,192
5718,ERISHKIGEL II/HOLLY,192
479,NALES DET. REBECCA,191
4574,STUART BRIG. ALYSAN,191
4269,KRAMER STACEY,191
5706,FISK VANESSA,190
2691,MULTIPLE MAN DOPPELG,190
1099,MOREAU DAVID,190
2048,DARKHAWK DOPPELGANGE,190
1000,SASQUATCH II,190
5118,KILLMONGER ERIC/N'J,189
3491,SHOCKWAVE/LANCASTER,189
4406,FITZROY TREVOR,189
1366,KHORYPHOS [ETERNAL],189
874,REAGAN RONALD,189
1458,TAURUS/CORNELIUS VAN,189
5791,SONDHEIM ERICA,188
3192,LUPO,188
3932,PSYCHO-MAN,188
1097,ADVERSARY,188
4153,UNION JACK II/BRIAN,188
5291,PAIBOK CAPT. [SKRUL,188
5820,MISS LOCKE,187
2264,TAGAR,187
2157,SCRAMBLER,187
5866,THOR III DOPPELGANGE,187
5559,TWO-GUN KID,187
179,PSYNAPSE,187
4179,ERWIN CLYTEMNESTRA,186
2436,DEATH ADDER,186
3324,MASTER KHAN/TYRONE K,186
1852,MARTIN TERI,186
2399,WALDO,186
1260,PRETTY BOY,186
3771,POSITRON/RONNIE,186
627,MENTALLO,186
4508,BLAZE ROXANNE SIMPS,185
483,EGGHEAD/PROF. ELIHAS,185
3116,AVIA,185
5228,OGRE,185
3905,GAZA,185
4613,MARVEL WOMAN | MUTAN,184
3626,COY GENERAL NGUYEN,184
2308,DEVOS THE DEVESTATOR,184
2475,NEZARR,184
3638,ARAKI [SHI'AR],183
2015,DEATHURGE,182
4709,GENII/JASON KIMBALL,181
2191,MASTER MAN/WILHELM L,181
1732,SUPER-ADAPTOID/ALESS,181
6021,RANDI,180
2370,NUMBERS,180
2314,COPPERHEAD III/DAVIS,180
6411,CANDY,180
1582,HELIX/RAFAEL CARAGO,180
1760,ZARAN/MAXIMILLIAN ZA,180
5166,ZALADANE,180
3912,BAMBI,180
5206,WHITEOUT,180
